<?xml version="1.0" encoding="UTF-8"?>
<!DOCTYPE fontscolors PUBLIC "-//NetBeans//DTD Editor Fonts and Colors settings 1.1//EN" "http://www.netbeans.org/dtds/EditorFontsColors-1_1.dtd">
<fontscolors>
    <fontcolor name="T_INLINE_HTML"/>
    <fontcolor foreColor="cyan" name="PHP_VARIABLE"/>
    <fontcolor name="mod-method">
        <font style="bold"/>
    </fontcolor>
    <fontcolor default="keyword" foreColor="green" name="keyword"/>
    <fontcolor default="field" name="mod-field"/>
    <fontcolor name="phpopenclose">
        <font style="bold"/>
    </fontcolor>
    <fontcolor foreColor="lightGray" name="PHP_CONTENT"/>
</fontscolors>
