<?xml version="1.0" encoding="UTF-8"?>
<!DOCTYPE fontscolors PUBLIC "-//NetBeans//DTD Editor Fonts and Colors settings 1.1//EN" "http://www.netbeans.org/dtds/EditorFontsColors-1_1.dtd">
<fontscolors>
    <fontcolor foreColor="blue" name="caret-color-insert-mode"/>
    <fontcolor bgColor="ff71a6f3" foreColor="black" name="block-search"/>
    <fontcolor bgColor="ff71a6f3" name="readonly-files"/>
    <fontcolor foreColor="white" name="nbeditor-bracesMatching-match-multichar"/>
    <fontcolor name="line-number"/>
    <fontcolor bgColor="ff71a6f3" name="guarded"/>
    <fontcolor bgColor="black" foreColor="ff029f1a" name="highlight-caret-row"/>
    <fontcolor bgColor="ffd1d3dd" name="selection"/>
</fontscolors>
