<?xml version="1.0" encoding="UTF-8"?>
<!DOCTYPE fontscolors PUBLIC "-//NetBeans//DTD Editor Fonts and Colors settings 1.1//EN" "http://www.netbeans.org/dtds/EditorFontsColors-1_1.dtd">
<fontscolors>
    <fontcolor foreColor="ff666666" name="code-folding"/>
    <fontcolor foreColor="blue" name="caret-color-insert-mode"/>
    <fontcolor bgColor="ff71a6f3" foreColor="black" name="block-search"/>
    <fontcolor foreColor="ffffa8a8" name="text-limit-line-color"/>
    <fontcolor bgColor="ff71a6f3" name="readonly-files"/>
    <fontcolor foreColor="white" name="nbeditor-bracesMatching-match-multichar"/>
    <fontcolor name="line-number"/>
    <fontcolor foreColor="blue" name="hyperlinks" underline="blue"/>
    <fontcolor bgColor="black" foreColor="ff029f1a" name="highlight-caret-row"/>
    <fontcolor foreColor="red" name="status-bar-bold"/>
    <fontcolor foreColor="black" name="caret-color-overwrite-mode"/>
    <fontcolor bgColor="ffd1d3dd" name="selection"/>
    <fontcolor name="status-bar"/>
    <fontcolor bgColor="ffffb442" foreColor="black" name="inc-search"/>
    <fontcolor foreColor="ffcc0099" name="synchronized-text-blocks-ext"/>
    <fontcolor foreColor="ff666666" name="code-folding-bar"/>
    <fontcolor bgColor="ffffb442" foreColor="black" name="highlight-search"/>
    <fontcolor bgColor="ffd83636" name="nbeditor-bracesMatching-mismatch-multichar"/>
    <fontcolor foreColor="ff996600" name="synchronized-text-blocks-ext-slave"/>
    <fontcolor bgColor="ff71a6f3" name="guarded"/>
    <fontcolor bgColor="fff3ff0f" name="nbeditor-bracesMatching-match"/>
    <fontcolor bgColor="ffd83636" name="nbeditor-bracesMatching-mismatch"/>
</fontscolors>
